001,JAMES,WILLIAM,KING,989,N Main St,08201,,609-986-5888                        
002,FRED,RANDALL,CARPENTER,5552,Maple Ave,07470,(862) 326-0354,973-464-1160     
003,ELIZABETH,JO,CUNNINGHAM,17334,NE Martin Luther King Jr Blvd,07960,,312-604-1342                                                                             
004,JAMES,JOSEPH,WASHINGTON,337,Congress Cir,19640,,484-706-7806                                                                                                
005,JIM,NOAH,O'CONNOR,861,S Rural Rt,08802,(732) 572-6965,848-486-1947                                                                                          
006,BRADLEY,DONALD,MONTGOMERY,21,E Municipal City Dr,08731,(609) 305-5192                                                                                       
007,PHUONG,QUI,TRAN,72,Elm Glen,07820,(908) 404-0509,908-391-4661                                                                                               
008,RICKY,JAY,DAVIS,993,Winding Wy,14048,(716) 215-6435                                                                                                         
009,MARIE,ROSE,MCLAUGHLIN,942,Hill Tr,07645,(201) 674-4952,551-421-4878                                                                                         
010,GABRIELLE,TAYLOR,HARRIS,7,Oak Ct,19850,(302) 220-8925                                                                                                       
011,MARY,KATE,SHARP-ROBBINS,6,Park Pl,08406,,609-640-7513                                                                                                       
